title,duration,rating,price
Профессия «С#-разработчик» от Skillbox,"
  Длительность: 
 12 месяцев
","
10
",166 750 ₽ 125 063 ₽
Профессия «Разработчик на C++ с нуля» от Skillbox,"
  Длительность: 
 18 месяцев
","
10
",193 833 ₽ 125 991 ₽
Факультет fullstack JavaScript от GeekBrains,"
  Длительность: 
 15 месяцев
","
10
",224 500 ₽ 168 750 ₽
Профессия «Data scientist» от SkillFactory,"
  Длительность: 
 24 месяца
","
10
",324 000 ₽ 178 200 ₽
Профессия «Системный администратор» от Нетологии,"
  Длительность: 
 12 месяцев
","
10
",130 000 ₽ 78 000 ₽
Факультет data engineering от GeekBrains,"
  Длительность: 
 12 месяцев
","
10
",133 000 ₽ 93 100 ₽
Курс «Разработка на C#» от GeekBrains,"
  Длительность: 
 12 месяцев
","
10
",274 500 ₽ 168 750 ₽
Факультет искусственного интеллекта от Geekbrains,"
  Длительность: 
 18 месяцев
","
10
",224 500 ₽ 179 600 ₽
Бакалавриат «Data Science & Machine Learning» от Skillbox и РАНХиГС,"
  Длительность: 
 48 месяцев
","
10
",1 200 000 ₽ 150 000 ₽
Профессия «PHP-разработчик с нуля до PRO» от Skillbox,"
  Длительность: 
 12 месяцев
","
10
",144 232 ₽ 100 958 ₽
Профессия «Data Engineer» от Skillbox,"
  Длительность: 
 24 месяца
","
10
",203 562 ₽ 122 130 ₽
Курс «Автоматизированное тестирование на Python» от Skillbox,"
  Длительность: 
 12 месяцев
","
10
",141 878 ₽ 99 308 ₽
Курс «Data Scientist с нуля до Junior» от Skillbox,"
  Длительность: 
 12 месяцев
","
10
",185 000 ₽ 111 000 ₽
Курс «Data Analyst с нуля до Junior» от Skillbox,"
  Длительность: 
 12 месяцев
","
10
",176 968 ₽ 106 172 ₽
Курс «Data Engineer с нуля до Junior» от Skillbox,"
  Длительность: 
 12 месяцев
","
10
",176 956 ₽ 106 174 ₽
Курс «Machine Learning с нуля до Junior» от Skillbox,"
  Длительность: 
 12 месяцев
","
10
",176 956 ₽ 106 174 ₽
Курс «Java-разработчик» от Яндекс Практикума,"
  Длительность: 
 10 месяцев
","
10
",140 000 ₽
Курс «Веб-разработчик плюс» от Яндекс Практикума,"
  Длительность: 
 18 месяцев
","
10
",252 000 ₽
Курс «Специалист по Data Science плюс» от Яндекс Практикума,"
  Длительность: 
 16 месяцев
","
10
",228 000 ₽
Курс «Надёжный старт в IT» от SkillFactory,"
  Длительность: 
 18 месяцев
","
10
",375 012 ₽ 225 000 ₽
Курс «Fullstack веб-разработчик на JavaScript и PHP» от SkillFactory,"
  Длительность: 
 20 месяцев
","
10
",632 484 ₽ 253 008 ₽
Курс «Backend-разработчик на PHP» от SkillFactory,"
  Длительность: 
 12 месяцев
","
10
",263 340 ₽ 158 004 ₽
Профессия «Frontend-разработчик PRO» от SkillFactory,"
  Длительность: 
 14 месяцев
","
10
",149 976 ₽ 90 036 ₽
Курс «Мобильный разработчик» от SkillFactory,"
  Длительность: 
 16 месяцев
","
10
",229 896 ₽ 137 952 ₽
Профессия «Разработчик игр на Unity» от SkillFactory,"
  Длительность: 
 18 месяцев
","
10
",259 992 ₽ 155 988 ₽
Курс «Инженерия машинного обучения» от SkillFactory и УрФУ,"
  Длительность: 
 24 месяца
","
10
",480 000 ₽
Курс «Науки о данных» от SkillFactory и МФТИ,"
  Длительность: 
 24 месяца
","
10
",640 000 ₽
Курс «1C-программист: с нуля до middle» от Нетологии,"
  Длительность: 
 17 месяцев
","
10
",182 500 ₽ 109 500 ₽
Курс «Инженер по автоматизации» от Нетологии,"
  Длительность: 
 12 месяцев
","
10
",117 900 ₽ 70 740 ₽
Курс «Разработчик на C++» от Нетологии,"
  Длительность: 
 12 месяцев
","
10
",180 000 ₽ 108 000 ₽
Курс «SQL-разработчик с нуля» от Нетологии,"
  Длительность: 
 16 месяцев
","
10
",140 000 ₽ 84 000 ₽
Курс «Кибербезопасность» от Нетологиии и НИУ ВШЭ,"
  Длительность: 
 24 месяца
","
10
",800 000 ₽
Профессия «Java-разработчик» от Skypro,"
  Длительность: 
 11 месяцев
","
10
",158 641 ₽ 95 185 ₽
Профессия «Веб-разработчик» от Skypro,"
  Длительность: 
 12 месяцев
","
10
",158 641 ₽ 95 185 ₽
Курс «Разработчик» от GeekBrains,"
  Длительность: 
 12 месяцев
","
10
",250 020 ₽ 159 408 ₽
Курс «ИТ-инженер» от GeekBrains,"
  Длительность: 
 12 месяцев
","
10
",250 020 ₽ 159 408 ₽
Курс «ИТ-инженер Мастер» от GeekBrains,"
  Длительность: 
 24 месяца
","
10
",350 028 ₽ 264 780 ₽
Курс «ИТ-инженер PRO» от GeekBrains,"
  Длительность: 
 36 месяцев
","
10
",450 000 ₽ 340 452 ₽
Курс «Инженер-программист Мастер» от GeekBrains,"
  Длительность: 
 24 месяца
","
10
",350 028 ₽ 264 780 ₽
Курс «Инженер-программист» от GeekBrains,"
  Длительность: 
 12 месяцев
","
10
",250 020 ₽ 159 408 ₽
Курс «Инженер-программист PRO» от GeekBrains,"
  Длительность: 
 36 месяцев
","
10
",450 000 ₽ 340 452 ₽
Курс «ИТ-инженер. Передовые технологии» от GeekBrains,"
  Длительность: 
 12 месяцев
","
10
",250 020 ₽ 168 768 ₽
Курс «ИТ-инженер web 3.0» от GeekBrains,"
  Длительность: 
 12 месяцев
","
10
",250 020 ₽ 168 768 ₽
Курс «Блокчейн» от GeekBrains,"
  Длительность: 
 12 месяцев
","
10
",250 020 ₽ 168 768 ₽
Курс «Data Science» от GeekBrains,"
  Длительность: 
 12 месяцев
","
10
",250 020 ₽ 168 768 ₽
Курс «Искусственный интеллект» от GeekBrains,"
  Длительность: 
 12 месяцев
","
10
",250 020 ₽ 168 768 ₽
Курс «Метавселенные» от GeekBrains,"
  Длительность: 
 12 месяцев
","
10
",250 020 ₽ 168 768 ₽
Курс «Кибернетика умных устройств» от GeekBrains,"
  Длительность: 
 12 месяцев
","
10
",250 020 ₽ 168 768 ₽
Курс «Инженер-программист C# Мастер» от GeekBrains,"
  Длительность: 
 12 месяцев
","
10
",350 028 ₽ 264 780 ₽
Курс «Инженер-программист C++ Мастер» от GeekBrains,"
  Длительность: 
 24 месяца
","
10
",350 028 ₽ 264 780 ₽
Курс «Инженер-программист C++» от GeekBrains,"
  Длительность: 
 12 месяцев
","
10
",250 020 ₽ 159 408 ₽
Курс «Программист Python Мастер» от GeekBrains,"
  Длительность: 
 24 месяца
","
10
",350 028 ₽ 264 780 ₽
Курс «Инженер-программист Python» от GeekBrains,"
  Длительность: 
 12 месяцев
","
10
",250 020 ₽ 159 408 ₽
Курс «Программист Java Мастер» от GeekBrains,"
  Длительность: 
 24 месяца
","
10
",350 028 ₽ 264 780 ₽
Курс «Программист Java» от GeekBrains,"
  Длительность: 
 12 месяцев
","
10
",250 020 ₽ 159 408 ₽
Курс «Fullstack-разработчик» от GeekBrains,"
  Длительность: 
 12 месяцев
","
10
",250 020 ₽ 159 408 ₽
Курс «Fullstack-разработчик Мастер» от GeekBrains,"
  Длительность: 
 24 месяца
","
10
",350 028 ₽ 264 780 ₽
Курс «Программист JavaScript» от GeekBrains,"
  Длительность: 
 12 месяцев
","
10
",250 020 ₽ 159 408 ₽
Курс «Программист JavaScript Мастер» от GeekBrains,"
  Длительность: 
 24 месяца
","
10
",350 028 ₽ 264 780 ₽
Курс «Инженер-программист Go» от GeekBrains,"
  Длительность: 
 12 месяцев
","
10
",250 020 ₽ 159 408 ₽
Курс «Программист Go Мастер» от GeekBrains,"
  Длительность: 
 24 месяца
","
10
",350 028 ₽ 264 780 ₽
Курс «Frontend-разработчик Мастер» от GeekBrains,"
  Длительность: 
 24 месяца
","
10
",350 028 ₽ 264 780 ₽
Курс «Веб-разработчик» от GeekBrains,"
  Длительность: 
 12 месяцев
","
10
",250 020 ₽ 159 408 ₽
Курс «Веб-разработчик Мастер» от GeekBrains,"
  Длительность: 
 24 месяца
","
10
",350 028 ₽ 264 780 ₽
Курс «Инженер по тестированию» от GeekBrains,"
  Длительность: 
 12 месяцев
","
10
",250 020 ₽ 159 408 ₽
Курс «Инженер по тестированию Мастер» от GeekBrains,"
  Длительность: 
 24 месяца
","
10
",350 028 ₽ 264 780 ₽
Курс «Инженер по тестированию PRO» от GeekBrains,"
  Длительность: 
 26 месяцев
","
10
",450 000 ₽ 340 452 ₽
Курс «Инженер по ручному тестированию» от GeekBrains,"
  Длительность: 
 12 месяцев
","
10
",250 020 ₽ 159 408 ₽
Курс «Инженер по автоматизированному тестированию» от GeekBrains,"
  Длительность: 
 12 месяцев
","
10
",250 020 ₽ 159 408 ₽
Курс «Python-разработчик плюс» от Яндекс Практикума,"
  Длительность: 
 14 месяцев
","
10
",196 000 ₽
Курс «Android-разработчик» от Яндекс Практикума,"
  Длительность: 
 12 месяцев
","
10
",168 000 ₽
Курс «iOS-разработчик» от Яндекс Практикума,"
  Длительность: 
 10 месяцев
","
10
",140 000 ₽
Профессия «PHP-разработчик» от Skillbox,"
  Длительность: 
 12 месяцев
","
9.8
",138 000 ₽ 82 800 ₽
Профессия «Java-разработчик PRO» от Skillbox,"
  Длительность: 
 24 месяца
","
9.8
",350 558 ₽ 210 335 ₽
Курс «Программист Python» от Geekbrains,"
  Длительность: 
 12 месяцев
","
9.8
",124 500 ₽
Профессия «C#-разработчик» от SkillFactory,"
  Длительность: 
 12 месяцев
","
9.8
",150 000 ₽ 90 000 ₽
Профессия «Python-разработчик» от Skillbox,"
  Длительность: 
 12 месяцев
","
9.8
",309 350 ₽ 185 610 ₽
Профессия «Android-разработчик» от SkillFactory,"
  Длительность: 
 18 месяцев
","
9.8
",141 996 ₽ 85 200 ₽
Профессия «Data Scientist: с нуля до middle» от Нетологии,"
  Длительность: 
 17 месяцев
","
9.8
",283 000 ₽ 169 800 ₽
Факультет data science в медицине от GeekBrains,"
  Длительность: 
 24 месяца
","
9.8
",250 000 ₽ 199 992 ₽
Профессия «Веб-разработчик» от GeekBrains,"
  Длительность: 
 8 месяцев
","
9.8
",124 500 ₽
Курс «Веб-разработчик» от Skillbox,"
  Длительность: 
 18 месяцев
","
9.8
",390 080 ₽ 234 048 ₽
Профессия «Data scientist PRO» от Skillbox,"
  Длительность: 
 24 месяца
","
9.8
",374 325 ₽ 224 595 ₽
Профессия «Data Scientist: анализ данных» от Skillbox,"
  Длительность: 
 12 месяцев
","
9.7
",374 325 ₽ 224 595 ₽
Курс «Python для веб-разработки» от SkillFactory,"
  Длительность: 
 9 месяцев
","
9.7
",165 000 ₽ 99 000 ₽
Факультет «Тестирования ПО» от GeekBrains,"
  Длительность: 
 12 месяцев
","
9.7
",212 500 ₽ 168 750 ₽
Курс «Python-разработчик PRO» от GeekBrains,"
  Длительность: 
 6 месяцев
","
9.7
",99 500 ₽ 64 675 ₽
Факультет сетевого инженера от GeekBrains,"
  Длительность: 
 11 месяцев
","
9.7
",224 500 ₽ 145 925 ₽
Курс «Автоматизация тестирования на Java» от GeekBrains,"
  Длительность: 
 7 месяцев
","
9.7
",105 000 ₽ 57 751 ₽
Курс «Frontend-разработчик» от GeekBrains,"
  Длительность: 
 12 месяцев
","
9.6
",178 678 ₽
Профессия «Java-разработчик с нуля» от Нетологии,"
  Длительность: 
 12 месяцев
","
9.6
",215 000 ₽ 129 000 ₽
Профессия «DataOps-инженер» от Нетологии,"
  Длительность: 
 8 месяцев
","
9.6
",108 000 ₽ 64 800 ₽
Профессия «Backend-разработчик на Go» от Skillfactory,"
  Длительность: 
 12 месяцев
","
9.6
",176 000 ₽ 105 600 ₽
Профессия «Тестировщик ПО на Java» от SkillFactory,"
  Длительность: 
 10 месяцев
","
9.6
",109 992 ₽ 66 000 ₽
Профессия «Веб-разработчик» от Loftschool,"
  Длительность: 
 5 месяцев
","
9.6
",103 300 ₽ 62 000 ₽
Профессия «Разработчик AR&VR с нуля до PRO» от Skillbox,"
  Длительность: 
 24 месяца
","
9.5
",325 278 ₽ 195 167 ₽
Профессия «1С-разработчик» от Skillbox,"
  Длительность: 
 6 месяцев
","
9.5
",166 812 ₽ 100 087 ₽
Профессия «Разработчик VR&AR» от Skillbox,"
  Длительность: 
 12 месяцев
","
9.5
",227 410 ₽ 136 446 ₽
Профессия «Мобильный разработчик» от Skillbox,"
  Длительность: 
 12 месяцев
","
9.5
",72 000 ₽ 46 548 ₽
Профессия «Android-разработчик» от Skillbox,"
  Длительность: 
 20 месяцев
","
9.5
",242 400 ₽ 145 440 ₽
Курс «DevOps для эксплуатации и разработки» от Яндекс Практикума,"
  Длительность: 
 6 месяцев
","
9.5
",108 000 ₽
Курс «Инженер по тестированию плюс» от Яндекс Практикума,"
  Длительность: 
 9 месяцев
","
9.5
",124 000 ₽
Курс «IT-специалист» от GeekBrains,"
  Длительность: 
 6 месяцев
","
9.5
",105 012 ₽ 57 780 ₽
Курс «Программист-специалист» от GeekBrains,"
  Длительность: 
 6 месяцев
","
9.5
",105 012 ₽ 57 780 ₽
Курс «Специалист по ручному тестированию» от GeekBrains,"
  Длительность: 
 6 месяцев
","
9.5
",105 000 ₽ 46 201 ₽
Курс «Специалист по аналитике» от GeekBrains,"
  Длительность: 
 6 месяцев
","
9.5
",105 000 ₽ 46 201 ₽
Профессия «Разработчик игр на Unity» от GeekBrains,"
  Длительность: 
 11 месяцев
","
9.5
",99 504 ₽ 64 692 ₽
Курс «Инди разработчик» от XYZ School,"
  Длительность: 
 15 месяцев
","
9.5
",227 700 ₽ 136 700 ₽
Курс «Frontend-разработчик с нуля» от Нетологии,"
  Длительность: 
 18 месяцев
","
9.4
",180 000 ₽ 108 000 ₽
Профессия «Android-разработчик с нуля» от Нетологии,"
  Длительность: 
 6 месяцев
","
9.4
",182 500 ₽ 109 500 ₽
Факультет информационной безопасности от GeekBrains,"
  Длительность: 
 24 месяца
","
9.4
",124 500 ₽
Профессия «Веб-разработчик» от SkillFactory,"
  Длительность: 
 12 месяцев
","
9.4
",197 000 ₽ 108 350 ₽
Факультет Python-разработки от GeekBrains,"
  Длительность: 
 18 месяцев
","
9.4
",224 500 ₽ 168 750 ₽
Профессия «Системный администратор» от Skillfactory,"
  Длительность: 
 9 месяцев
","
9.4
",120 000 ₽ 72 000 ₽
Специализация «Администратор Linux» от OTUS,"
  Длительность: 
 12 месяцев
","
9.4
",150 000 ₽ 112 500 ₽
Факультет frontend-разработки от GeekBrains,"
  Длительность: 
 16 месяцев
","
9.4
",224 500 ₽ 168 750 ₽
Курс «Fullstack-разработчик» от LoftSchool,"
  Длительность: 
 11 месяцев
","
9.4
",228 300 ₽ 137 000 ₽
Курс «Data Engineer» от OTUS,"
  Длительность: 
 4 месяца
","
9.4
",90 000 ₽
Профессия «DevOps-инженер с нуля» от Нетологии,"
  Длительность: 
 24 месяца
","
9.4
",265 000 ₽ 159 000 ₽
Профессия «Тестировщик» от Skillbox,"
  Длительность: 
 12 месяцев
","
9.3
",253 575 ₽ 177 503 ₽
Профессия «Java-разработчик» от SkillFactory,"
  Длительность: 
 24 месяца
","
9.3
",165 000 ₽ 115 500 ₽
Факультет «Go-разработки» от GeekBrains,"
  Длительность: 
 24 месяца
","
9.3
",130 000 ₽
Профессия «iOS—разработчик» от Skillbox,"
  Длительность: 
 24 месяца
","
9.3
",242 400 ₽ 145 440 ₽
Курс «DevOps практики и инструменты» от Otus,"
  Длительность: 
 6 месяцев
","
9.3
",95 000 ₽
Курс «Старт в DevOps: системное администрирование для начинающих» от Skillbox,"
  Длительность: 
 12 месяцев
","
9.3
",85 000 ₽ 42 500 ₽
Профессия «DevOps-инженер PRO» от Skillbox,"
  Длительность: 
 12 месяцев
","
9.3
",209 063 ₽ 125 438 ₽
Профессия «Разработчик игр на Unreal Engine 4 с нуля до Middle» от Skillbox,"
  Длительность: 
 24 месяца
","
9.3
",296 822 ₽ 178 093 ₽
Курс «Enterprise технологии в java-разработке» от Skillbox,"
  Длительность: 
 6 месяцев
","
9.3
",114 857 ₽ 80 400 ₽
Курс «Базы данных для разработчиков» от Skillbox,"
  Длительность: 
 6 месяцев
","
9.3
",39 100 ₽ 27 370 ₽
Курс «Алгоритмы и структуры данных» от SkillFactory,"
  Длительность: 
 5 месяцев
","
9.3
",54 000 ₽
Профессия «Python-разработчик с нуля до трудоустройства» от Нетологии,"
  Длительность: 
 12 месяцев
","
9.2
",165 000 ₽ 99 000 ₽
Факультет разработки игр от GeekBrains,"
  Длительность: 
 12 месяцев
","
9.2
",274 500 ₽ 150 975 ₽
Профессия «Веб-разработчик с нуля» от Нетологии,"
  Длительность: 
 22 месяца
","
9.2
",265 000 ₽ 159 000 ₽
Профессия «Frontend-разработчик PRO» от Skillbox,"
  Длительность: 
 12 месяцев
","
9.2
",171 600 ₽ 85 800 ₽
Факультет Java-разработки от GeekBrains,"
  Длительность: 
 12 месяцев
","
9.2
",180 000 ₽ 108 000 ₽
Курс «Frontend-разработчик» от SkillFactory,"
  Длительность: 
 12 месяцев
","
9.2
",85 000 ₽ 51 000 ₽
Профессия «Go-разработчик» от Skillbox,"
  Длительность: 
 12 месяцев
","
9.2
",192 140 ₽ 124 891 ₽
Курс «Тестирование мобильных приложений» от Skillbox,"
  Длительность: 
 9 месяцев
","
9.2
",95 450 ₽ 81 133 ₽
Курс «Node.js» от Skillbox,"
  Длительность: 
 4 месяца
","
9.2
",27 179 ₽ 21 743 ₽
Профессия «Fullstack-разработчик» от Skillbox,"
  Длительность: 
 24 месяца
","
9.2
",242 400 ₽ 145 440 ₽
Курс «Программирование 1С: с нуля к профессионалу» от Cпециалист.ру,"
  Длительность: 
 24 месяца
","
9.2
",99 890 ₽
Курс «JavaScript-фреймворк React.js» от Skillbox,"
  Длительность: 
 4 месяца
","
9.2
",37 950 ₽ 26 565 ₽
Курс «Архитектор ПО» от Skillbox,"
  Длительность: 
 4 месяца
","
9.2
",47 725 ₽ 40 566 ₽
Профессия «iOS-разработчик с нуля» от SkillFactory,"
  Длительность: 
 12 месяцев
","
9.2
",150 000 ₽ 90 000 ₽
Профессия «AI разработчик» от SkillFactory,"
  Длительность: 
 12 месяцев
","
9.2
",105 000 ₽
Профессия «Java-разработчик» от MDA,"
  Длительность: 
 12 месяцев
","
9.2
",82 900 ₽
Курс «Backend-разработка на Node.js» от Нетологии,"
  Длительность: 
 4 месяца
","
9.2
",35 500 ₽ 24 850 ₽
Профессия «Frontend-разработчик с нуля до PRO» от Skillbox,"
  Длительность: 
 24 месяца
","
9.2
",323 840 ₽ 194 304 ₽
Факультет разработки VR/AR от GeekBrains,"
  Длительность: 
 18 месяцев
","
9.2
",249 500 ₽ 137 225 ₽
Факультет Ruby on Rails от GeekBrains,"
  Длительность: 
 12 месяцев
","
9.2
",199 512 ₽ 159 588 ₽
Профессия «Bitrix-разработчик с нуля» от Нетологии,"
  Длительность: 
 10 месяцев
","
9.2
",112 000 ₽ 67 200 ₽
Профессия «Разработчик» от GeekBrains при участии Skillbox,"
  Длительность: 
 15 месяцев
","
9.2
",174 000 ₽
Профессия «Инженер умных устройств» от GeekBrains,"
  Длительность: 
 17 месяцев
","
9.2
",199 512 ₽ 159 588 ₽
Полный курс по data science от SkillFactory,"
  Длительность: 
 13 месяцев
","
9.2
",209 800 ₽ 125 880 ₽
Профессия «DevOps-инженер» от Skillbox,"
  Длительность: 
 12 месяцев
","
9
",350 578 ₽ 210 347 ₽
Профессия «Программист iOS» от GeekBrains,"
  Длительность: 
 6 месяцев
","
9
",124 500 ₽ 80 925 ₽
Профессия «Программист PHP» от GeekBrains,"
  Длительность: 
 4 месяца
","
9
",48 000 ₽ 28 800 ₽
Курс «Frontend-разработчик» от Skillbox,"
  Длительность: 
 6 месяцев
","
9
",85 161 ₽ 68 129 ₽
Профессия «Программист Java» от GeekBrains,"
  Длительность: 
 12 месяцев
","
9
",77 000 ₽ 46 200 ₽
Профессия «Middle-разработчик на Unreal Engine 4» от Skillbox,"
  Длительность: 
 24 месяца
","
9
",180 021 ₽ 108 013 ₽
Курс «Middle-разработчик игр на Unity» от Skillbox,"
  Длительность: 
 6 месяцев
","
9
",85 402 ₽ 59 781 ₽
Профессия «Fullstack-разработчик на JavaScript» от Skillbox,"
  Длительность: 
 12 месяцев
","
9
",277 860 ₽ 166 716 ₽
Профессия «DevOps-инженер» от SkillFactory,"
  Длительность: 
 12 месяцев
","
9
",189 996 ₽ 132 996 ₽
Курс «JavaScript» от Skillbox,"
  Длительность: 
 6 месяцев
","
9
",61 370 ₽ 52 165 ₽
Курс «Разработчик игр на Unity» от SkillFactory,"
  Длительность: 
 12 месяцев
","
9
",239 400 ₽ 143 640 ₽
Курс «Go-разработчик PRO» от Skillbox,"
  Длительность: 
 8 месяцев
","
9
",134 750 ₽ 107 800 ₽
Курс «Инженер по ручному тестированию» от SkillFactory,"
  Длительность: 
 4 месяца
","
9
",149 400 ₽ 89 640 ₽
Профессия «Backend-разработчик» от Loftschool,"
  Длительность: 
 3 месяца
","
9
",56 700 ₽ 34 000 ₽
Курс «Разработчик JavaScript. Базовый уровень» от OTUS,"
  Длительность: 
 6 месяцев
","
9
",80 000 ₽ 60 000 ₽
Профессия «Fullstack-разработчик на JavaScript» от Нетологии,"
  Длительность: 
 19 месяцев
","
9
",265 000 ₽ 159 000 ₽
Факультет ручного тестирования от GeekBrains,"
  Длительность: 
 10 месяцев
","
9
",212 500 ₽ 168 750 ₽
Профессия «Python-разработчик» от SkillFactory,"
  Длительность: 
 10 месяцев
","
9
",177 000 ₽ 106 200 ₽
Профессия «Android-разработчик» от LoftSchool,"
  Длительность: 
 3 месяца
","
9
",75 800 ₽ 45 500 ₽
Курс «Разработчик C++» от Яндекс Практикума,"
  Длительность: 
 9 месяцев
","
9
",126 000 ₽
Курс «Инфраструктурная платформа на основе Kubernetes» от Skillbox,"
  Длительность: 
 6 месяцев
","
9
",56 533 ₽ 45 226 ₽
Курс «Android-разработчик. Базовый уровень» от Skillbox,"
  Длительность: 
 6 месяцев
","
9
",101 784 ₽ 81 420 ₽
Курс «iOS-разработка для начинающих» от Skillbox,"
  Длительность: 
 6 месяцев
","
9
",103 512 ₽ 72 456 ₽
Курс «Введение в data science» от Skillbox,"
  Длительность: 
 6 месяцев
","
9
",95 748 ₽ 67 020 ₽
Профессия «Android-разработчик» от Skypro,"
  Длительность: 
 5 месяцев
","
9
",196 178 ₽ 117 707 ₽
Курс «Веб-разработчик с нуля до PRO» от Skillbox,"
  Длительность: 
 10 месяцев
","
8.8
",103 155 ₽ 82 524 ₽
Профессия «Data Scientist PRO» от Skillbox,"
  Длительность: 
 12 месяцев
","
8.8
",374 325 ₽ 224 595 ₽
Факультет «iOS-разработки» от GeekBrains,"
  Длительность: 
 12 месяцев
","
8.8
",199 500 ₽
Факультет Android-разработки от GeekBrains,"
  Длительность: 
 12 месяцев
","
8.8
",224 500 ₽ 168 375 ₽
Профессия «iOS-разработчик» от Нетологии,"
  Длительность: 
 12 месяцев
","
8.8
",182 500 ₽ 109 500 ₽
Курс «PHP-разработчик с нуля до PRO» от Skillbox,"
  Длительность: 
 12 месяцев
","
8.8
",79 000 ₽ 55 300 ₽
Факультет «Веб-разработки» от GeekBrains,"
  Длительность: 
 24 месяца
","
8.8
",249 500 ₽ 168 750 ₽
Факультет «DevOps» от GeekBrains,"
  Длительность: 
 18 месяцев
","
8.8
",270 000 ₽
Курс «iOS Разработчик. Продвинутый курс» от Otus,"
  Длительность: 
 6 месяцев
","
8.8
",70 000 ₽ 55 000 ₽
Профессия «1С-разработчик» от Нетологии,"
  Длительность: 
 6 месяцев
","
8.8
",89 900 ₽ 59 900 ₽
Курс «React.js разработчик» от Otus,"
  Длительность: 
 4 месяца
","
8.8
",60 000 ₽
Курс «Java-разработчик» от Skillbox,"
  Длительность: 
 4 месяца
","
8.8
",107 443 ₽ 75 210 ₽
Профессия «Fullstack-разработчик на Python» от SkillFactory,"
  Длительность: 
 24 месяца
","
8.8
",165 000 ₽ 105 000 ₽
Курс «Java Developer. Professional» от Otus,"
  Длительность: 
 6 месяцев
","
8.8
",100 000 ₽
Специализация «DevOps-инженер» от Нетологии,"
  Длительность: 
 12 месяцев
","
8.8
",165 000 ₽ 99 000 ₽
Профессия «Разработчик игр на Unity» от Нетологии,"
  Длительность: 
 12 месяцев
","
8.8
",133 000 ₽ 79 800 ₽
Курс «Angular» от Skillbox,"
  Длительность: 
 3 месяца
","
8.8
",33 350 ₽ 26 680 ₽
Профессия «Программист Android» от GeekBrains,"
  Длительность: 
 7 месяцев
","
8.8
",124 500 ₽ 80 925 ₽
Курс «Java. Уровень 1» от GeekBrains,"
  Длительность: 
 1 месяц
","
8.8
",15 000 ₽
Курс «Веб-разработка» от Nordic IT,"
  Длительность: 
 4 месяца
","
8.8
",53 600 ₽ 14 900 ₽
Курс «Разработчик C# + .NET» от Nordic IT,"
  Длительность: 
 4 месяца
","
8.8
",79 600 ₽ 71 600 ₽
Курс «Java-разработчик» от Nordic IT,"
  Длительность: 
 6 месяцев
","
8.8
",95 400 ₽ 66 600 ₽
Курс «Android-разработка на Kotlin» от Nordic IT,"
  Длительность: 
 4 месяца
","
8.8
",63 600 ₽ 57 200 ₽
Курс «Golang-разработчик» от Nordic IT,"
  Длительность: 
 4 месяца
","
8.8
",71 600 ₽ 64 400 ₽
Курс «Веб-разработка для начинающих» от Loftschool,"
  Длительность: 
 2 месяца
","
8.8
",36 696 ₽ 21 996 ₽
Курс «Основы Java с 0» от ProductStar,"
  Длительность: 
 2 месяца
","
8.8
",55 000 ₽ 34 900 ₽
Курс «Архитектор информационных систем» от GeekBrains,"
  Длительность: 
 6 месяцев
","
8.8
",174 500 ₽ 113 425 ₽
Курс «1С-программист» от Нетологии,"
  Длительность: 
 9 месяцев
","
8.8
",150 000 ₽ 90 000 ₽
Курс «Автоматизированное тестирование на Java» от Skillbox,"
  Длительность: 
 12 месяцев
","
8.7
",79 925 ₽ 67 936 ₽
Курс «C++ разработчик» от SkillFactory,"
  Длительность: 
 12 месяцев
","
8.7
",128 124 ₽ 89 604 ₽
Профессия «iOS-разработчик» от MDA,"
  Длительность: 
 12 месяцев
","
8.7
",69 900 ₽
Курс «Docker» от Слёрм,"
  Длительность: 
 1 месяц
","
8.7
",20 000 ₽ 10 000 ₽
Курс «Архитектор высоких нагрузок» от OTUS,"
  Длительность: 
 5 месяцев
","
8.7
",80 000 ₽
Профессия «Разработчик игр на Unreal Engine 4» от Skillbox,"
  Длительность: 
 12 месяцев
","
8.6
",245 218 ₽ 147 131 ₽
Курс «Администрирование ОС Linux» от Skillbox,"
  Длительность: 
 5 месяцев
","
8.6
",104 650 ₽ 73 255 ₽
Курс «Kubernetes комплект База+Мега» от Слёрм,"
  Длительность: 
 2 месяца
","
8.6
",90 000 ₽ 75 000 ₽
Курс «Fullstack-разработчик на Python» от Нетологии,"
  Длительность: 
 6 месяцев
","
8.6
",265 000 ₽ 159 000 ₽
Профессия «Разработчик игр на Unity с нуля» от Skillbox,"
  Длительность: 
 11 месяцев
","
8.6
",117 264 ₽ 82 085 ₽
Курс «Системный администратор» от GeekBrains,"
  Длительность: 
 7 месяцев
","
8.6
",99 500 ₽
Профессия «Fullstack-разработчик на Python» от Skillbox,"
  Длительность: 
 12 месяцев
","
8.5
",225 745 ₽ 146 734 ₽
Профессия «Data Scientist» от Нетологии,"
  Длительность: 
 12 месяцев
","
8.5
",216 500 ₽ 129 900 ₽
Курс «Глубокое обучение» от Нетологии,"
  Длительность: 
 4 месяца
","
8.5
",45 000 ₽ 31 500 ₽
Профессия «Разработчик игр на Unity» от Skillbox,"
  Длительность: 
 12 месяцев
","
8.5
",254 840 ₽ 152 904 ₽
Курс «Python» от HEDU,"
  Длительность: 
 1 месяц
","
8.5
",32 000 ₽
Курс «Обучение Data Sсience с нуля» от SkillFactory,"
  Длительность: 
 12 месяцев
","
8.5
",159 996 ₽ 80 004 ₽
Профессия «Data Scientist: машинное обучение» от Skillbox,"
  Длительность: 
 24 месяца
","
8.5
",98 333 ₽ 59 000 ₽
Профессия «Fullstack-разработчик на PHP» от Skillbox,"
  Длительность: 
 12 месяцев
","
8.5
",277 859 ₽ 166 715 ₽
Курс «Fullstack разработчик JavaScript» от Otus,"
  Длительность: 
 6 месяцев
","
8.5
",75 000 ₽
Профессия «Разработчик игр на Unity с нуля до Middle» от Skillbox,"
  Длительность: 
 24 месяца
","
8.5
",296 822 ₽ 178 093 ₽
Курс «SQL-разработчик» от Skillbox,"
  Длительность: 
 4 месяца
","
8.5
",81 568 ₽ 57 098 ₽
Курс «Java-фреймворк Spring» от Skillbox,"
  Длительность: 
 4 месяца
","
8.5
",46 013 ₽ 32 209 ₽
Курс «Разработчик игр на Unreal Engine 4. Junior» от Skillbox,"
  Длительность: 
 3 месяца
","
8.5
",68 322 ₽ 47 825 ₽
Курс «Монетизация в играх» от Skillbox,"
  Длительность: 
 4 месяца
","
8.5
",68 322 ₽ 47 825 ₽
Курс «TypeScript для веб-разработчика» от Skillbox,"
  Длительность: 
 3 месяца
","
8.5
",69 396 ₽ 48 596 ₽
Курс «Основы тестирования» от Skillbox,"
  Длительность: 
 4 месяца
","
8.5
",101 775 ₽ 81 420 ₽
Профессия «Go-разработчик» от Яндекс Практикума,"
  Длительность: 
 3 месяца
","
8.5
",76 000 ₽
Интенсив «Python-разработчик» от SkillFactory,"
  Длительность: 
 3 месяца
","
8.5
",193 608 ₽ 116 160 ₽
Курс «Unity» от XYZ School,"
  Длительность: 
 5 месяцев
","
8.5
",107 071 ₽ 53 600 ₽
Курс «DevOps: быстрый старт» от ProductStar,"
  Длительность: 
 2 месяца
","
8.4
",65 000 ₽ 34 900 ₽
Профессия «Этичный хакер» от Skillfactory,"
  Длительность: 
 10 месяцев
","
8.4
",150 000 ₽ 90 000 ₽
Курс «PHP — фреймворк Symfony» от Skillbox,"
  Длительность: 
 4 месяца
","
8.3
",27 179 ₽ 21 743 ₽
Профессия «Специалист по кибербезопасности» от Skillbox,"
  Длительность: 
 12 месяцев
","
8.3
",210 393 ₽ 126 236 ₽
Курс «Machine Learning Pro + Deep Learning» от SkillFactory,"
  Длительность: 
 6 месяцев
","
8.3
",79 900 ₽ 39 900 ₽
Курс «Программирование на C#» от Специалист.ру,"
  Длительность: 
 4 месяца
","
8.3
",29 990 ₽
Курс «Python basic» от Skillbox,"
  Длительность: 
 6 месяцев
","
8.3
",88 550 ₽ 61 985 ₽
Курс «Обучение профессии Data Science с нуля» от SkillFactory,"
  Длительность: 
 12 месяцев
","
8.3
",290 000 ₽ 174 000 ₽
Курс «SQL для менеджеров» от ProductStar,"
  Длительность: 
 4 месяца
","
8.3
",55 000 ₽ 34 900 ₽
Курс «Навыки «ZeroCoding» от ProductStar,"
  Длительность: 
 2 месяца
","
8.3
",55 000 ₽ 34 900 ₽
Курс «Старт в программировании» от Нетологии,"
  Длительность: 
 1 месяц
","
8.3
",990 ₽
Курс «Инженер по тестированию: с нуля до middle» от Нетологии,"
  Длительность: 
 6 месяцев
","
8.3
",265 000 ₽ 159 000 ₽
Курс «Автоматизированное тестирование веб-приложений на JavaScript» от Skillbox,"
  Длительность: 
 12 месяцев
","
8.3
",88 785 ₽ 71 028 ₽
Курс «Архитектура и шаблоны проектирования» от OTUS,"
  Длительность: 
 4 месяца
","
8.3
",40 000 ₽
Профессия «Программист С++» от GeekBrains,"
  Длительность: 
 12 месяцев
","
8.2
",224 500 ₽ 168 750 ₽
Курс «Java-разработчик» от Productstar,"
  Длительность: 
 6 месяцев
","
8.2
",85 000 ₽ 64 900 ₽
Курс «Machine Learning» от SkillFactory,"
  Длительность: 
 4 месяца
","
8.2
",63 000 ₽ 30 900 ₽
Курс «Основы математики для Data Science» от Skillbox,"
  Длительность: 
 4 месяца
","
8.2
",42 618 ₽ 36 225 ₽
Курс «Специалист по информационной безопасности» от Нетологии,"
  Длительность: 
 12 месяцев
","
8.2
",200 000 ₽ 120 000 ₽
Профессия «Flutter-разработчик» от Skillbox,"
  Длительность: 
 24 месяца
","
8.2
",210 393 ₽ 126 236 ₽
Курс «Администратор Linux. Базовый уровень» от OTUS,"
  Длительность: 
 4 месяца
","
8.2
",60 000 ₽
Курс «Python для фриланса» от SF Education,"
  Длительность: 
 3 месяца
","
8.2
",24 000 ₽
Факультет разработки игр на Unreal Engine 4 от GeekBrains,"
  Длительность: 
 15 месяцев
","
8.2
",249 500 ₽
Факультет 1С-разработки от GeekBrains,"
  Длительность: 
 8 месяцев
","
8.2
",174 500 ₽ 130 875 ₽
Онлайн-курс программирования 1С от Hedu,"
  Длительность: 
 3 месяца
","
8.2
",45 550 ₽ 37 550 ₽
Курс-симулятор «Тестировщик ПО» от SkillFactory,"
  Длительность: 
 12 месяцев
","
8
",99 000 ₽ 49 500 ₽
Курс «Python-фреймворк Django» от Skillbox,"
  Длительность: 
 6 месяцев
","
8
",48 300 ₽ 33 810 ₽
Курс «Математика и Machine Learning для Data Science» от SkillFactory,"
  Длительность: 
 6 месяцев
","
8
",79 900 ₽ 39 900 ₽
Курс «Веб-вёрстка» от Skillbox,"
  Длительность: 
 6 месяцев
","
8
",48 300 ₽ 33 810 ₽
Профессия «Системный аналитик PRO» от SkillFactory,"
  Длительность: 
 6 месяцев
","
8
",110 000 ₽ 66 000 ₽
Курс «Основы web-разработки с 0» от ProductStar,"
  Длительность: 
 2 месяца
","
8
",55 000 ₽ 34 900 ₽
Курс «Symfony framework» от OTUS,"
  Длительность: 
 5 месяцев
","
8
",50 000 ₽
Курс «JavaScript-разработчик» от Nordic IT,"
  Длительность: 
 4 месяца
","
8
",47 900 ₽ 17 900 ₽
Курс «iOS Developer. Basic» от OTUS,"
  Длительность: 
 5 месяцев
","
8
",50 000 ₽ 45 000 ₽
Профессия «Разработчик на Python» от Skypro,"
  Длительность: 
 12 месяцев
","
8
",139 200 ₽ 89 904 ₽
Курс «Vue.js Продвинутая веб-разработка» от Loftschool,"
  Длительность: 
 2 месяца
","
8
",45 000 ₽ 27 000 ₽
Курс «Разработчик игр на Unreal Engine 4. Junior+» от Skillbox,"
  Длительность: 
 10 месяцев
","
8
",97 463 ₽ 68 224 ₽
Профессия «Frontend-разработчик» от Loftschool,"
  Длительность: 
 3 месяца
","
8
",85 000 ₽ 51 000 ₽
Курс «PHP-разработчик. Базовый уровень» от Skillbox,"
  Длительность: 
 3 месяца
","
8
",84 870 ₽ 67 896 ₽
Курс «Основы вёрстки сайтов» от Loftschool,"
  Длительность: 
 2 месяца
","
8
",26 700 ₽ 11 200 ₽
Комплексный курс по PHP от Loftschool,"
  Длительность: 
 2 месяца
","
8
",33 300 ₽ 20 000 ₽
Курс «Разработка под Android: продвинутый уровень» от LoftSchool,"
  Длительность: 
 2 месяца
","
8
",43 300 ₽ 26 000 ₽
Курс «Разработка под Android: базовый уровень» от LoftSchool,"
  Длительность: 
 2 месяца
","
8
",40 000 ₽ 24 000 ₽
Курс «Автоматизатор тестирования на Java» от Яндекс Практикума,"
  Длительность: 
 5 месяцев
","
8
",65 000 ₽
Курс «Мидл фронтенд-разработчик» от Яндекс Практикума,"
  Длительность: 
 5 месяцев
","
8
",78 000 ₽
Курс «Мидл python-разработчик» от Яндекс Практикума,"
  Длительность: 
 6 месяцев
","
8
",85 000 ₽
Курс «Веб-разработчик с нуля» от Бруноям,"
  Длительность: 
 8 месяцев
","
8
",133 200 ₽ 79 900 ₽
Курс «Python-разработчик» от Бруноям,"
  Длительность: 
 7 месяцев
","
8
",124 800 ₽ 74 900 ₽
Курс «Selenide: тестирование c Selenium на Java» от Skillbox,"
  Длительность: 
 2 месяца
","
8
",39 864 ₽ 31 884 ₽
Курс «Тестирование веб-приложений на Python» от Яндекс Практикума,"
  Длительность: 
 2 месяца
","
8
",40 000 ₽
Курс «Kubernetes База» от Слёрм,"
  Длительность: 
 3 месяца
","
7.9
",35 000 ₽
Курс «Kubernetes Мега» от Слёрм,"
  Длительность: 
 3 месяца
","
7.9
",55 000 ₽
Курс «Машинное обучение» от Нетологии,"
  Длительность: 
 6 месяцев
","
7.8
",70 000 ₽ 49 000 ₽
Курс «Основы языка Swift» от GeekBrains,"
  Длительность: 
 1 месяц
","
7.8
",15 000 ₽
Курс «Фреймворк Vue.js» от Skillbox,"
  Длительность: 
 4 месяца
","
7.8
",36 601 ₽ 25 621 ₽
Курс «Основы языка C#» от GeekBrains,"
  Длительность: 
 1 месяц
","
7.8
",15 000 ₽
Курс «Web-разработчик на Python» от Otus,"
  Длительность: 
 6 месяцев
","
7.8
",70 000 ₽
Курс «Алгоритмы и структуры данных для разработчиков» от Skillbox,"
  Длительность: 
 12 месяцев
","
7.8
",58 472 ₽ 49 701 ₽
Курс «Flutter» от Skillbox,"
  Длительность: 
 4 месяца
","
7.8
",58 561 ₽ 40 993 ₽
Курс «Специалист по кибербезопасности» от Skillbox,"
  Длительность: 
 4 месяца
","
7.8
",98 300 ₽ 68 810 ₽
Курс «Математика для анализа данных» от Нетологии,"
  Длительность: 
 1 месяц
","
7.8
",25 000 ₽ 17 500 ₽
Курс «Gamecode» от XYZ School,"
  Длительность: 
 5 месяцев
","
7.8
",60 500 ₽
Профессия «Сетевой инженер» от Нетологии,"
  Длительность: 
 12 месяцев
","
7.8
",120 000 ₽ 72 000 ₽
Курс «Курс Разработка iOS приложений на Swift 5. Уровень 1» от Специалист.ру,"
  Длительность: 
 4 месяца
","
7.7
",19 990 ₽
Курс «Язык R для аналитики» от Нетологии,"
  Длительность: 
 1 месяц
","
7.7
",27 000 ₽ 18 900 ₽
Курс «Разработчик С++. Углублённый уровень» от Otus,"
  Длительность: 
 5 месяцев
","
7.7
",90 000 ₽
Курс по математике для Data Science от SkillFactory,"
  Длительность: 
 2 месяца
","
7.7
",29 833 ₽ 14 900 ₽
Курс «Программист C» от OTUS,"
  Длительность: 
 5 месяцев
","
7.7
",45 000 ₽
Курс «Python developer. Basic» от OTUS,"
  Длительность: 
 5 месяцев
","
7.7
",70 000 ₽
Курс «Microservice architecture» от OTUS,"
  Длительность: 
 4 месяца
","
7.7
",100 000 ₽
Курс «Подготовка к сертификации Oracle Java Programmer (OCAJP)» от OTUS,"
  Длительность: 
 5 месяцев
","
7.7
",60 000 ₽
Курс «Разработчик Android. Углублённый уровень» от OTUS,"
  Длительность: 
 5 месяцев
","
7.7
",65 000 ₽
Курс «Разработчик Java. Углублённый уровень» от OTUS,"
  Длительность: 
 6 месяцев
","
7.7
",100 000 ₽
Курс «Разработчик игр на Unity. Продвинутый уровень» от OTUS,"
  Длительность: 
 4 месяца
","
7.7
",60 000 ₽
Курс «Разработчик JavaScript. Углубленный уровень» от OTUS,"
  Длительность: 
 5 месяцев
","
7.7
",75 000 ₽
Курс «Сетевой инженер» от OTUS,"
  Длительность: 
 5 месяцев
","
7.7
",60 000 ₽
Курс «Разработчик Python. Углубленный уровень» от OTUS,"
  Длительность: 
 5 месяцев
","
7.7
",80 000 ₽ 70 000 ₽
Курс «Автоматизация тестирования на Python» от OTUS,"
  Длительность: 
 5 месяцев
","
7.7
",60 000 ₽
Курс «Разработчик С#. Углублённый уровень» от OTUS,"
  Длительность: 
 6 месяцев
","
7.7
",65 000 ₽
Курс «C# ASP.NET Core» от OTUS,"
  Длительность: 
 5 месяцев
","
7.7
",85 000 ₽ 80 000 ₽
Курс «Администратор Linux. Углублённый уровень» от OTUS,"
  Длительность: 
 4 месяца
","
7.7
",90 000 ₽
Курс «Machine learning. Углублённый уровень» от OTUS,"
  Длительность: 
 5 месяцев
","
7.7
",75 000 ₽ 70 000 ₽
Курс «Backend-разработчик на Kotlin» от OTUS,"
  Длительность: 
 5 месяцев
","
7.7
",60 000 ₽ 48 000 ₽
Курс «Machine Learning. Продвинутый уровень» от OTUS,"
  Длительность: 
 5 месяцев
","
7.7
",70 000 ₽ 65 000 ₽
Курс «Scala-разработчик» от OTUS,"
  Длительность: 
 5 месяцев
","
7.7
",70 000 ₽
Курс «Администратор Linux. Виртуализация и кластеризация» от OTUS,"
  Длительность: 
 5 месяцев
","
7.7
",80 000 ₽
Курс «NoSQL» от OTUS,"
  Длительность: 
 5 месяцев
","
7.7
",45 000 ₽
Курс «Python для решения бизнес-задач» от GeekBrains,"
  Длительность: 
 2 месяца
","
7.7
",24 500 ₽ 18 375 ₽
Курс «Ceph» от Слёрм,"
  Длительность: 
 6 месяцев
","
7.6
",60 000 ₽
Курс «React: библиотека фронтенд-разработки № 1» от Нетологии,"
  Длительность: 
 4 месяца
","
7.5
",21 000 ₽ 14 700 ₽
Курс «PHP-разработчик» от OTUS,"
  Длительность: 
 6 месяцев
","
7.5
",60 000 ₽
Курс «Работа в командной строке Bash» от Skillbox,"
  Длительность: 
 12 месяцев
","
7.5
",13 524 ₽ 11 495 ₽
Курс «Разработчик Node.js» от Otus,"
  Длительность: 
 4 месяца
","
7.5
",60 000 ₽
Курс «SRE» от Слёрм,"
  Длительность: 
 1 месяц
","
7.4
",70 000 ₽
Курс «Java. Уровень 3» от Geekbrains,"
  Длительность: 
 1 месяц
","
7.3
",15 000 ₽
Курс «Алгоритмы и структуры данных. Базовый курс» от GeekBrains,"
  Длительность: 
 1 месяц
","
7.3
",15 000 ₽
Курс «C# ASP.NET Core. Уровень 1» от GeekBrains,"
  Длительность: 
 1 месяц
","
7.3
",15 000 ₽
Курс «C# ASP.NET Core. Уровень 2» от GeekBrains,"
  Длительность: 
 1 месяц
","
7.3
",11 970 ₽
Курс «C#. Уровень 2» от GeekBrains,"
  Длительность: 
 1 месяц
","
7.3
",15 000 ₽
Курс «Основы реляционных баз данных» от GeekBrains,"
  Длительность: 
 1 месяц
","
7.3
",15 000 ₽
Курс «C#. Уровень 3» от GeekBrains,"
  Длительность: 
 1 месяц
","
7.3
",15 000 ₽
Курс «Алгоритмы и структуры данных на Python. Базовый курс» от GeekBrains,"
  Длительность: 
 1 месяц
","
7.3
",15 000 ₽
Курс «Профессиональная разработка Android-приложений» от GeekBrains,"
  Длительность: 
 1 месяц
","
7.3
",15 000 ₽
Курс «Архитектура и шаблоны проектирования на Python» от GeekBrains,"
  Длительность: 
 2 месяца
","
7.3
",15 000 ₽
Курс «Разработчик IoT» от OTUS,"
  Длительность: 
 4 месяца
","
7.3
",45 000 ₽
Курс «Основы веб-разработки на Spring Framework» от GeekBrains,"
  Длительность: 
 1 месяц
","
7.3
",15 000 ₽
Курс «Производительность iOS-приложений» от GeekBrains,"
  Длительность: 
 1 месяц
","
7.3
",15 000 ₽
Курс «Алгоритмы и структуры на С» от GeekBrains,"
  Длительность: 
 1 месяц
","
7.3
",15 000 ₽
Курс «Клиент-серверные приложения на Python» от GeekBrains,"
  Длительность: 
 1 месяц
","
7.3
",15 000 ₽
"Курс «Библиотеки Python для data science: Numpy, Matplotlib, Scikit-learn» от GeekBrains","
  Длительность: 
 1 месяц
","
7.3
",15 000 ₽
Курс «Пользовательский интерфейс iOS-приложений» от GeekBrains,"
  Длительность: 
 1 месяц
","
7.3
",15 000 ₽
Курс «Операционные системы» от GeekBrains,"
  Длительность: 
 1 месяц
","
7.3
",15 000 ₽
Курс «Основы Django framework» от GeekBrains,"
  Длительность: 
 1 месяц
","
7.3
",15 000 ₽
Курс «Программирование на Kotlin под Android» от GeekBrains,"
  Длительность: 
 1 месяц
","
7.3
",16 500 ₽
Курс «Базы данных и PyQt» от GeekBrains,"
  Длительность: 
 1 месяц
","
7.3
",15 000 ₽
Курс «Реверс-инжиниринг. Базовый уровень» от OTUS,"
  Длительность: 
 4 месяца
","
7.3
",65 000 ₽ 48 000 ₽
Курс «Мобильный разработчик на Flutter» от OTUS,"
  Длительность: 
 4 месяца
","
7.3
",60 000 ₽
"Курс «Экосистема Hadoop, Spark, Hive» от OTUS","
  Длительность: 
 3 месяца
","
7.3
",60 000 ₽ 55 000 ₽
Курс «Game QA-engineer» от OTUS,"
  Длительность: 
 3 месяца
","
7.3
",35 000 ₽ 30 000 ₽
Курс «ReactJS. Базовый курс» от GeekBrains,"
  Длительность: 
 1 месяц
","
7.3
",11 970 ₽
Интерактивный курс «Компьютерные сети» от GeekBrains,"
  Длительность: 
 1 месяц
","
7.3
",15 000 ₽
Курс «Продвинутый курс JavaScript» от GeekBrains,"
  Длительность: 
 1 месяц
","
7.3
",11 970 ₽
Курс «Laravel. Глубокое погружение» от GeekBrains,"
  Длительность: 
 1 месяц
","
7.3
",11 970 ₽
Курс «Базовый курс PHP» от GeekBrains,"
  Длительность: 
 1 месяц
","
7.3
",11 970 ₽
Курс «Веб‑разработчик» от Яндекс Практикума,"
  Длительность: 
 10 месяцев
","
7.3
",100 000 ₽
Курс «Python-разработчик» от Яндекс Практикума,"
  Длительность: 
 9 месяцев
","
7.3
",90 000 ₽
Профессия «Айтишник» от ProductStar,"
  Длительность: 
 6 месяцев
","
7.3
",95 000 ₽ 33 000 ₽
Курс «Django: создание функциональных веб-приложений» от Нетологии,"
  Длительность: 
 4 месяца
","
7.2
",21 000 ₽ 14 700 ₽
Курс «Программирование для детей и подростков» от Hedu,"
  Длительность: 
 1 месяц
","
7.2
",30 000 ₽
Курс «VR-разработчик на Unreal Engine 4» от Skillbox,"
  Длительность: 
 2 месяца
","
7.2
",73 132 ₽ 51 192 ₽
Курс «Разработчик игр на Unity. Базовый уровень» от OTUS,"
  Длительность: 
 5 месяцев
","
7.2
",60 000 ₽
Курс «Мониторинг и логирование инфраструктуры в Kubernetes» от Слёрм,"
  Длительность: 
 1 месяц
","
7.1
",45 000 ₽
Курс «A/B-тестирование: практическое руководство» от Нетологии,"
  Длительность: 
 1 месяц
","
7
",27 000 ₽ 18 900 ₽
Курс «Deep Learning» от SkillFactory,"
  Длительность: 
 4 месяца
","
7
",63 000 ₽ 30 900 ₽
Курс «Программирование на языке R. Уровень 1 » от Cпециалист.ру,"
  Длительность: 
 4 месяца
","
7
",17 990 ₽
Курс «Основы тестирования ПО» от GeekBrains,"
  Длительность: 
 1 месяц
","
7
",24 900 ₽
Курс «Безопасность проводных и беспроводных сетей» от GeekBrains,"
  Длительность: 
 1 месяц
","
7
",16 500 ₽
Курс «Клиент-серверные iOS-приложения» от GeekBrains,"
  Длительность: 
 1 месяц
","
7
",15 000 ₽
Курс «Программирование на Python в игровой среде Minecraft» от CodeStar,"
  Длительность: 
 8 месяцев
","
7
",43 900 ₽ 28 800 ₽
Курс «Визуальное программирование на Scratch» от CodeStar,"
  Длительность: 
 8 месяцев
","
7
",41 000 ₽ 28 800 ₽
Курс «Введение в программирование» от Skillbox,"
  Длительность: 
 1 месяц
","
7
",Бесплатно
Курс «Компьютерные сети» от GeekBrains,"
  Длительность: 
 1 месяц
","
7
",15 000 ₽
Курс «Data engineering» от robot_dreams,"
  Длительность: 
 9 месяцев
","
7
",40 000 ₽
Курс «Алгоритмы и структуры данных» от Яндекс Практикума,"
  Длительность: 
 4 месяца
","
7
",62 000 ₽
Курс «React-разработчик» от Яндекс Практикума,"
  Длительность: 
 3 месяца
","
7
",51 000 ₽
Курс «JavaScript-разработчик» от Бруноям,"
  Длительность: 
 4 месяца
","
7
",66 500 ₽ 39 900 ₽
Курс «Тестировщик ПО» от Бруноям,"
  Длительность: 
 4 месяца
","
7
",83 200 ₽ 49 900 ₽
Курс «Программирование на JavaScript c Нуля до Гуру 2.0» от Михаила Русакова,"
  Длительность: 
 1 месяц
","
6.8
",7470 ₽
Курс «Тестирования ПО» от Hedu,"
  Длительность: 
 1 месяц
","
6.8
",36 400 ₽ 29 400 ₽
Курс «Yii2 Фреймворк» от FructCode,"
  Длительность: 
 1 месяц
","
6.7
",2881 ₽ 1153 ₽
Курс «Linux. Рабочая станция» от GeekBrains,"
  Длительность: 
 1 месяц
","
6.7
",15 000 ₽
Курс «Разработчик Python. Продвинутый курс» от Otus,"
  Длительность: 
 6 месяцев
","
6.7
",70 000 ₽
Курс «Реверс-инжиниринг. Продвинутый» от OTUS,"
  Длительность: 
 4 месяца
","
6.7
",25 000 ₽
Интенсив «DevOps и Infrastructure as code на Ansible» от OTUS,"
  Длительность: 
 1 месяц
","
6.7
",30 000 ₽
Курс «Основы вёрстки сайтов» от Nordic IT,"
  Длительность: 
 2 месяца
","
6.7
",19 900 ₽
Курс «React.js. Разработка веб-приложений» от Loftschool,"
  Длительность: 
 2 месяца
","
6.7
",45 000 ₽ 27 000 ₽
Курс «Профессиональная верстка» от GeekBrains,"
  Длительность: 
 1 месяц
","
6.7
",11 970 ₽
Курс «Deep learning» от robot_dreams,"
  Длительность: 
 2 месяца
","
6.7
",64 000 ₽
Курс «Инженер по тестированию» от Яндекс Практикума,"
  Длительность: 
 4 месяца
","
6.7
",60 000 ₽
Курс «Bootstrap 4» от Fructcode,"
  Длительность: 
 1 месяц
","
6.5
",2855 ₽ 1142 ₽
Курс «Modern Javascript» от FructCode,"
  Длительность: 
 1 месяц
","
6.5
",2140 ₽ 860 ₽
Курс «JavaScript для начинающих программистов» от OTUS,"
  Длительность: 
 1 месяц
","
6.5
",15 000 ₽
Курс «CodeIgniter» от FructCode,"
  Длительность: 
 1 месяц
","
6.3
",2890 ₽
"Курс «Автоматизация задач администрирования, написание Bash-скриптов» от Академии ЛАНИТ","
  Длительность: 
 1 месяц
","
6.3
",21 200 ₽
Курс «Как стать программистом» от GeekBrains,"
  Длительность: 
 1 месяц
","
6.3
",5000 ₽
Курс «Программирование на Python» от Skysmart,"
  Длительность: 
 6 месяцев
","
6.3
",29 900 ₽
Курс «AR. Приложение дополненной реальности» от GeekBrains,"
  Длительность: 
 1 месяц
","
6.3
",5000 ₽
Курс «Node.js» от GeekBrains,"
  Длительность: 
 1 месяц
","
6.3
",16 500 ₽
Курс «Java» от HEDU,"
  Длительность: 
 1 месяц
","
6.2
",25 800 ₽
Курс «Javascript / jQuery» от FructCode,"
  Длительность: 
 1 месяц
","
6
",2100 ₽ 890 ₽
Курс «Git: подготовка к курсам Слёрма» от Слёрм,"
  Длительность: 
 1 месяц
","
6
",Бесплатно
Курс «Linux/GIT/Hosting» от FructCode,"
  Длительность: 
 1 месяц
","
5.7
",2881 ₽ 1153 ₽
Курс «Философия искусственного интеллекта» от Skillbox,"
  Длительность: 
 1 месяц
","
5.5
",54 395 ₽ 40 796 ₽
Интенсив «Централизованные системы логирования Elastic stack» от OTUS,"
  Длительность: 
 1 месяц
","
5.3
",25 000 ₽ 22 500 ₽
Курс «HTML/CSS» от FructCode,"
  Длительность: 
 1 месяц
","
5.3
",1400 ₽ 570 ₽
Курс «Веб-разработка на PHP» от GeekBrains,"
  Длительность: 
 1 месяц
","
5.2
",Бесплатно
Курс «Администратор Битрикс24 Коробка: CRM» от Дело системы,"
  Длительность: 
 1 месяц
","
5
",16 000 ₽
Курс «Python для начинающих программистов» от Otus,"
  Длительность: 
 1 месяц
","
5
",15 000 ₽
Курс «Ручное тестирование» от OTUS,"
  Длительность: 
 2 месяца
","
5
",8000 ₽
Курс «Linux для начинающих» от OTUS,"
  Длительность: 
 2 месяца
","
5
",15 000 ₽
Курс «Основы кибербезопасности» от Нетологии,"
  Длительность: 
 1 месяц
","
4.6
",790 ₽
Курс «Оптимизации запросов MySQL» от GeekBrains,"
  Длительность: 
 1 месяц
","
4.3
",500 ₽
Курс «DevOps marathon» от OTUS,"
  Длительность: 
 1 месяц
","
4.3
",3000 ₽
Курс «PHP/MySQL» от FructCode,"
  Длительность: 
 1 месяц
","
4.3
",570 ₽
Курс «Python для непрограммистов» от SkillFactory,"
  Длительность: 
 1 месяц
","
4
",Бесплатно
Курс «Bootstrap 3» от FructCode,"
  Длительность: 
 1 месяц
","
3.8
",2100 ₽ 890 ₽
Курс «Основы SQL» от Udemy,"
  Длительность: 
 1 месяц
","
3.7
",1790 ₽
